row,weighted mean log_g1,weighted mean T1,weighted mean Z1,weighted mean theta_r1,weighted mean ebv1,weighted mean T2,weighted mean theta_r2,weighted mean ebv2,weighted var log_g1,weighted var T1,weighted var Z1,weighted var theta_r1,weighted var ebv1,weighted var T2,weighted var theta_r2,weighted var ebv2,hot model flux using weighted mean parameters,cool model flux using weighted mean parameters,chi2 using weighted mean parameters,new theta_r1,new theta_r2,new chi2
2,4.0,2.555555555555556,0.0,0.900253851830026,0.19999999999999998,2.5,2.9472419999999997,0.19999999999999998,0.0,1.9721522630525295e-31,0.0,1.232595164407831e-32,7.703719777548943e-34,0.0030864197530863983,1.9721522630525295e-31,7.703719777548943e-34,1.4398405672517731,0.0,13827.335641678408,0.900253851830026,2.9472419999999997,13827.335641678408
